{
	"info": {
		"_postman_id": "14f419a2-9246-4e3a-a898-534f531c34d3",
		"name": "Building",
		"schema": "https://schema.getpostman.com/json/collection/v2.1.0/collection.json",
		"_exporter_id": "38062210"
	},
	"item": [
		{
			"name": "TotalOccupancy",
			"request": {
				"method": "GET",
				"header": [],
				"url": {
					"raw": "http://localhost:8080/api/buildings/1/total-occupancy",
					"protocol": "http",
					"host": [
						"localhost"
					],
					"port": "8080",
					"path": [
						"api",
						"buildings",
						"1",
						"total-occupancy"
					]
				}
			},
			"response": []
		},
		{
			"name": "UsageRate",
			"request": {
				"method": "GET",
				"header": [],
				"url": {
					"raw": "http://localhost:8080/api/buildings/1/usage-rate",
					"protocol": "http",
					"host": [
						"localhost"
					],
					"port": "8080",
					"path": [
						"api",
						"buildings",
						"1",
						"usage-rate"
					]
				}
			},
			"response": []
		},
		{
			"name": "Building",
			"request": {
				"method": "GET",
				"header": [],
				"url": {
					"raw": "http://localhost:8080/api/buildings",
					"protocol": "http",
					"host": [
						"localhost"
					],
					"port": "8080",
					"path": [
						"api",
						"buildings"
					]
				}
			},
			"response": []
		},
		{
			"name": "Building",
			"request": {
				"method": "POST",
				"header": [],
				"body": {
					"mode": "raw",
					"raw": "{\r\n    \"bldgName\": \"NGE\" ,\r\n    \"floors\": 4\r\n}",
					"options": {
						"raw": {
							"language": "json"
						}
					}
				},
				"url": {
					"raw": "http://localhost:8080/api/buildings",
					"protocol": "http",
					"host": [
						"localhost"
					],
					"port": "8080",
					"path": [
						"api",
						"buildings"
					]
				}
			},
			"response": []
		},
		{
			"name": "Building",
			"request": {
				"method": "PUT",
				"header": [],
				"body": {
					"mode": "raw",
					"raw": "{\r\n    \"bldgName\": \"GLE\" \r\n}",
					"options": {
						"raw": {
							"language": "json"
						}
					}
				},
				"url": {
					"raw": "http://localhost:8080/api/buildings/2",
					"protocol": "http",
					"host": [
						"localhost"
					],
					"port": "8080",
					"path": [
						"api",
						"buildings",
						"2"
					]
				}
			},
			"response": []
		},
		{
			"name": "Building",
			"request": {
				"method": "DELETE",
				"header": [],
				"url": {
					"raw": "http://localhost:8080/api/buildings/1",
					"protocol": "http",
					"host": [
						"localhost"
					],
					"port": "8080",
					"path": [
						"api",
						"buildings",
						"1"
					]
				}
			},
			"response": []
		}
	]
}