{
	"info": {
		"_postman_id": "13d8308a-ee2b-49e8-84f4-6043d4141e6e",
		"name": "LibraryRoom",
		"schema": "https://schema.getpostman.com/json/collection/v2.1.0/collection.json",
		"_exporter_id": "38062210"
	},
	"item": [
		{
			"name": "LibRoom",
			"request": {
				"method": "GET",
				"header": [],
				"url": {
					"raw": "http://localhost:8080/api/library-rooms",
					"protocol": "http",
					"host": [
						"localhost"
					],
					"port": "8080",
					"path": [
						"api",
						"library-rooms"
					]
				}
			},
			"response": []
		},
		{
			"name": "LibRoom",
			"request": {
				"method": "POST",
				"header": [
					{
						"key": "Content-Type",
						"value": "application/json",
						"type": "text"
					}
				],
				"body": {
					"mode": "raw",
					"raw": "{\r\n  \"roomName\": \"Room 101\",\r\n  \"availableTimeSlots\": [\"09:00 - 10:00\", \"10:00 - 11:00\"],\r\n  \"bookingStatus\": \"available\"\r\n}\r\n",
					"options": {
						"raw": {
							"language": "json"
						}
					}
				},
				"url": {
					"raw": "http://localhost:8080/api/library-rooms",
					"protocol": "http",
					"host": [
						"localhost"
					],
					"port": "8080",
					"path": [
						"api",
						"library-rooms"
					]
				}
			},
			"response": []
		},
		{
			"name": "LibRoom",
			"request": {
				"method": "DELETE",
				"header": [],
				"url": {
					"raw": "http://localhost:8080/api/library-rooms/1",
					"protocol": "http",
					"host": [
						"localhost"
					],
					"port": "8080",
					"path": [
						"api",
						"library-rooms",
						"1"
					]
				}
			},
			"response": []
		},
		{
			"name": "LibRoom",
			"request": {
				"method": "PUT",
				"header": [],
				"body": {
					"mode": "raw",
					"raw": "{\r\n    \"roomName\": \"1111111\",\r\n    \"availableTimeSlots\": [\r\n        \"09:00 - 10:00\",\r\n        \"10:00 - 11:00\"\r\n    ],\r\n    \"bookingStatus\": \"available\"\r\n}",
					"options": {
						"raw": {
							"language": "json"
						}
					}
				},
				"url": {
					"raw": "http://localhost:8080/api/library-rooms/1",
					"protocol": "http",
					"host": [
						"localhost"
					],
					"port": "8080",
					"path": [
						"api",
						"library-rooms",
						"1"
					]
				}
			},
			"response": []
		}
	]
}