{
	"info": {
		"_postman_id": "d5ba99b4-ee0e-4f10-9871-1cc28cf87f38",
		"name": "LibraryRoomReservation",
		"schema": "https://schema.getpostman.com/json/collection/v2.1.0/collection.json",
		"_exporter_id": "38062210"
	},
	"item": [
		{
			"name": "LibReservation",
			"request": {
				"method": "GET",
				"header": [],
				"url": {
					"raw": "http://localhost:8080/api/reservations",
					"protocol": "http",
					"host": [
						"localhost"
					],
					"port": "8080",
					"path": [
						"api",
						"reservations"
					]
				}
			},
			"response": []
		},
		{
			"name": "LibReservation",
			"request": {
				"method": "POST",
				"header": [],
				"body": {
					"mode": "raw",
					"raw": "{\r\n  \"user\": {\r\n    \"userID\": 1\r\n  },\r\n  \"libraryRoom\": {\r\n    \"libraryRoomID\": 1\r\n  },\r\n  \"startTime\": \"2024-11-10T12:00:00\",\r\n  \"endTime\": \"2024-11-10T16:00:00\",\r\n  \"reservationStatus\": \"confirmed\"\r\n}\r\n",
					"options": {
						"raw": {
							"language": "json"
						}
					}
				},
				"url": {
					"raw": "http://localhost:8080/api/reservations",
					"protocol": "http",
					"host": [
						"localhost"
					],
					"port": "8080",
					"path": [
						"api",
						"reservations"
					]
				}
			},
			"response": []
		},
		{
			"name": "LibReservation",
			"request": {
				"method": "DELETE",
				"header": [],
				"url": {
					"raw": "http://localhost:8080/api/reservations/3",
					"protocol": "http",
					"host": [
						"localhost"
					],
					"port": "8080",
					"path": [
						"api",
						"reservations",
						"3"
					]
				}
			},
			"response": []
		},
		{
			"name": "LibReservation",
			"request": {
				"method": "PUT",
				"header": [],
				"body": {
					"mode": "raw",
					"raw": "{\r\n  \"user\": {\r\n    \"userID\": 1\r\n  },\r\n  \"libraryRoom\": {\r\n    \"libraryRoomID\": 1\r\n  },\r\n  \"startTime\": \"2024-11-10T21:00:00\",\r\n  \"endTime\": \"2024-11-10T23:00:00\",\r\n  \"reservationStatus\": \"YESYSEYSYE\"\r\n}\r\n",
					"options": {
						"raw": {
							"language": "json"
						}
					}
				},
				"url": {
					"raw": "http://localhost:8080/api/reservations/1",
					"protocol": "http",
					"host": [
						"localhost"
					],
					"port": "8080",
					"path": [
						"api",
						"reservations",
						"1"
					]
				}
			},
			"response": []
		}
	]
}