{
	"info": {
		"_postman_id": "f9d30ecd-ba21-468e-8ee9-fada45f0ffee",
		"name": "ParkingReservation",
		"schema": "https://schema.getpostman.com/json/collection/v2.1.0/collection.json",
		"_exporter_id": "38062210"
	},
	"item": [
		{
			"name": "ParkingReservation",
			"request": {
				"method": "GET",
				"header": [],
				"url": {
					"raw": "http://localhost:8080/api/parking-reservations",
					"protocol": "http",
					"host": [
						"localhost"
					],
					"port": "8080",
					"path": [
						"api",
						"parking-reservations"
					]
				}
			},
			"response": []
		},
		{
			"name": "ParkingReservation",
			"request": {
				"method": "POST",
				"header": [],
				"body": {
					"mode": "raw",
					"raw": "{\r\n\r\n    \"reservationStartTime\": \"2024-11-09T14:00:00\",\r\n    \"reservationEndTime\": \"2024-11-09T16:00:00\",\r\n    \"reservationStatus\": \"Confirmed\",\r\n    \"spaceNumber\": \"A3\",\r\n    \"parkingLot\": { \"lotId\": 1 }  ,\r\n    \"user\": { \"userID\": 1}\r\n}\r\n",
					"options": {
						"raw": {
							"language": "json"
						}
					}
				},
				"url": {
					"raw": "http://localhost:8080/api/parking-reservations",
					"protocol": "http",
					"host": [
						"localhost"
					],
					"port": "8080",
					"path": [
						"api",
						"parking-reservations"
					]
				}
			},
			"response": []
		},
		{
			"name": "New Request",
			"request": {
				"method": "PUT",
				"header": [],
				"body": {
					"mode": "raw",
					"raw": "{\r\n\r\n    \"reservationStartTime\": \"2024-11-09T14:00:00\",\r\n    \"reservationEndTime\": \"2024-11-09T16:00:00\",\r\n    \"reservationStatus\": \"Confirmed\",\r\n    \"spaceNumber\": \"A5\",\r\n    \"parkingLot\": { \"lotId\": 1 }  ,\r\n    \"user\": { \"userID\": 1}\r\n}\r\n",
					"options": {
						"raw": {
							"language": "json"
						}
					}
				},
				"url": {
					"raw": "http://localhost:8080/api/parking-reservations/1",
					"protocol": "http",
					"host": [
						"localhost"
					],
					"port": "8080",
					"path": [
						"api",
						"parking-reservations",
						"1"
					]
				}
			},
			"response": []
		},
		{
			"name": "ParkingReservation",
			"request": {
				"method": "DELETE",
				"header": [],
				"url": {
					"raw": "http://localhost:8080/api/parking-reservations/1",
					"protocol": "http",
					"host": [
						"localhost"
					],
					"port": "8080",
					"path": [
						"api",
						"parking-reservations",
						"1"
					]
				}
			},
			"response": []
		}
	]
}