{
	"info": {
		"_postman_id": "2bc3d5b9-b730-40c6-a5c0-db36db12e735",
		"name": "ParkingLot",
		"schema": "https://schema.getpostman.com/json/collection/v2.1.0/collection.json",
		"_exporter_id": "38062210"
	},
	"item": [
		{
			"name": "ParkingLot",
			"request": {
				"method": "GET",
				"header": [],
				"url": {
					"raw": "http://localhost:8080/api/parking-lots",
					"protocol": "http",
					"host": [
						"localhost"
					],
					"port": "8080",
					"path": [
						"api",
						"parking-lots"
					]
				}
			},
			"response": []
		},
		{
			"name": "ParkingLot",
			"request": {
				"method": "POST",
				"header": [],
				"body": {
					"mode": "raw",
					"raw": "{\r\n  \"lotNumber\": \"A\",\r\n  \"totalSpaces\": 5\r\n}\r\n",
					"options": {
						"raw": {
							"language": "json"
						}
					}
				},
				"url": {
					"raw": "http://localhost:8080/api/parking-lots",
					"protocol": "http",
					"host": [
						"localhost"
					],
					"port": "8080",
					"path": [
						"api",
						"parking-lots"
					]
				}
			},
			"response": []
		},
		{
			"name": "ParkingLot",
			"request": {
				"method": "DELETE",
				"header": [],
				"url": {
					"raw": "http://localhost:8080/api/parking-lots/1",
					"protocol": "http",
					"host": [
						"localhost"
					],
					"port": "8080",
					"path": [
						"api",
						"parking-lots",
						"1"
					]
				}
			},
			"response": []
		},
		{
			"name": "ParkingLot",
			"request": {
				"method": "PUT",
				"header": [],
				"body": {
					"mode": "raw",
					"raw": "{\r\n  \"lotNumber\": \"B\",\r\n  \"totalSpaces\": 3\r\n}\r\n",
					"options": {
						"raw": {
							"language": "json"
						}
					}
				},
				"url": {
					"raw": "http://localhost:8080/api/parking-lots/1",
					"protocol": "http",
					"host": [
						"localhost"
					],
					"port": "8080",
					"path": [
						"api",
						"parking-lots",
						"1"
					]
				}
			},
			"response": []
		}
	]
}