{
	"info": {
		"_postman_id": "e891f84c-e881-478a-b4ad-e950b060ec46",
		"name": "Room",
		"schema": "https://schema.getpostman.com/json/collection/v2.1.0/collection.json",
		"_exporter_id": "38062210"
	},
	"item": [
		{
			"name": "Room",
			"request": {
				"method": "GET",
				"header": [],
				"url": {
					"raw": "http://localhost:8080/api/rooms",
					"protocol": "http",
					"host": [
						"localhost"
					],
					"port": "8080",
					"path": [
						"api",
						"rooms"
					]
				}
			},
			"response": []
		},
		{
			"name": "Room",
			"request": {
				"method": "POST",
				"header": [],
				"body": {
					"mode": "raw",
					"raw": "{\r\n    \"roomNumber\": \"101\",\r\n    \"roomType\": \"Lecture\",\r\n    \"capacity\": 50,\r\n    \"currentOccupancy\": 0,\r\n    \"availabilityStatus\": \"Vacant\",\r\n    \"building\": { \"bldgID\": 1 }\r\n}\r\n",
					"options": {
						"raw": {
							"language": "json"
						}
					}
				},
				"url": {
					"raw": "http://localhost:8080/api/rooms",
					"protocol": "http",
					"host": [
						"localhost"
					],
					"port": "8080",
					"path": [
						"api",
						"rooms"
					]
				}
			},
			"response": []
		},
		{
			"name": "Room",
			"request": {
				"method": "DELETE",
				"header": [],
				"url": {
					"raw": "http://localhost:8080/api/rooms/1",
					"protocol": "http",
					"host": [
						"localhost"
					],
					"port": "8080",
					"path": [
						"api",
						"rooms",
						"1"
					]
				}
			},
			"response": []
		},
		{
			"name": "Room",
			"request": {
				"method": "PUT",
				"header": [],
				"body": {
					"mode": "raw",
					"raw": "{\r\n    \"roomNumber\": \"11111111\",\r\n    \"roomType\": \"YESYSYES\",\r\n    \"capacity\": 50,\r\n    \"currentOccupancy\": 0,\r\n    \"availabilityStatus\": \"Unavailable\",\r\n    \"building\": { \"bldgID\": 2 }\r\n}\r\n",
					"options": {
						"raw": {
							"language": "json"
						}
					}
				},
				"url": {
					"raw": "http://localhost:8080/api/rooms/2",
					"protocol": "http",
					"host": [
						"localhost"
					],
					"port": "8080",
					"path": [
						"api",
						"rooms",
						"2"
					]
				}
			},
			"response": []
		}
	]
}