{
	"info": {
		"_postman_id": "23f5af2d-bb91-4dca-8e3f-42293100ac69",
		"name": "RoomReservation",
		"schema": "https://schema.getpostman.com/json/collection/v2.1.0/collection.json",
		"_exporter_id": "38062210"
	},
	"item": [
		{
			"name": "RoomReservation",
			"request": {
				"method": "GET",
				"header": [],
				"url": {
					"raw": "http://localhost:8080/api/room-reservations",
					"protocol": "http",
					"host": [
						"localhost"
					],
					"port": "8080",
					"path": [
						"api",
						"room-reservations"
					]
				}
			},
			"response": []
		},
		{
			"name": "RoomReservation",
			"request": {
				"method": "POST",
				"header": [],
				"body": {
					"mode": "raw",
					"raw": "{\r\n  \"startTime\": \"2024-11-10T14:00:00\",\r\n  \"endTime\": \"2024-11-10T16:00:00\",\r\n  \"reservedBy\": \"John Doe\",\r\n  \"occupants\": 20, \r\n  \"room\": { \"roomID\": 1 },\r\n  \"user\": { \"userID\": 1}\r\n}\r\n",
					"options": {
						"raw": {
							"language": "json"
						}
					}
				},
				"url": {
					"raw": "http://localhost:8080/api/room-reservations",
					"protocol": "http",
					"host": [
						"localhost"
					],
					"port": "8080",
					"path": [
						"api",
						"room-reservations"
					]
				}
			},
			"response": []
		},
		{
			"name": "New Request",
			"request": {
				"method": "DELETE",
				"header": [],
				"url": {
					"raw": "http://localhost:8080/api/room-reservations/1",
					"protocol": "http",
					"host": [
						"localhost"
					],
					"port": "8080",
					"path": [
						"api",
						"room-reservations",
						"1"
					]
				}
			},
			"response": []
		},
		{
			"name": "New Request",
			"request": {
				"method": "PUT",
				"header": [],
				"body": {
					"mode": "raw",
					"raw": "{\r\n  \"startTime\": \"2024-11-10T14:00:00\",\r\n  \"endTime\": \"2024-11-10T16:00:00\",\r\n  \"reservedBy\": \"John Gay\",\r\n  \"occupants\": 20, \r\n  \"room\": { \"roomID\": 1 },\r\n  \"user\": { \"userID\": 1}\r\n}\r\n",
					"options": {
						"raw": {
							"language": "json"
						}
					}
				},
				"url": {
					"raw": "http://localhost:8080/api/room-reservations/1",
					"protocol": "http",
					"host": [
						"localhost"
					],
					"port": "8080",
					"path": [
						"api",
						"room-reservations",
						"1"
					]
				}
			},
			"response": []
		}
	]
}