{
	"info": {
		"_postman_id": "33f90ba7-b35c-4eba-b7b7-8fcaa382a4f4",
		"name": "Schedule",
		"schema": "https://schema.getpostman.com/json/collection/v2.1.0/collection.json",
		"_exporter_id": "38062210"
	},
	"item": [
		{
			"name": "Schedule",
			"request": {
				"method": "GET",
				"header": [],
				"url": {
					"raw": "http://localhost:8080/api/schedules",
					"protocol": "http",
					"host": [
						"localhost"
					],
					"port": "8080",
					"path": [
						"api",
						"schedules"
					]
				}
			},
			"response": []
		},
		{
			"name": "Schedule",
			"request": {
				"method": "POST",
				"header": [],
				"body": {
					"mode": "raw",
					"raw": "{\r\n    \"room\": {\"roomID\": 1}, \r\n    \"dayOfWeek\": \"Tuesday\"\r\n}",
					"options": {
						"raw": {
							"language": "json"
						}
					}
				},
				"url": {
					"raw": "http://localhost:8080/api/schedules",
					"protocol": "http",
					"host": [
						"localhost"
					],
					"port": "8080",
					"path": [
						"api",
						"schedules"
					]
				}
			},
			"response": []
		},
		{
			"name": "Schedule",
			"request": {
				"method": "PUT",
				"header": [],
				"body": {
					"mode": "raw",
					"raw": "{\r\n    \"roomID\": 2, \r\n    \"dayOfWeek\": \"Wednesday\"\r\n}",
					"options": {
						"raw": {
							"language": "json"
						}
					}
				},
				"url": {
					"raw": "http://localhost:8080/api/schedules/1",
					"protocol": "http",
					"host": [
						"localhost"
					],
					"port": "8080",
					"path": [
						"api",
						"schedules",
						"1"
					]
				}
			},
			"response": []
		},
		{
			"name": "New Request",
			"request": {
				"method": "DELETE",
				"header": [],
				"url": {
					"raw": "http://localhost:8080/api/schedules/1",
					"protocol": "http",
					"host": [
						"localhost"
					],
					"port": "8080",
					"path": [
						"api",
						"schedules",
						"1"
					]
				}
			},
			"response": []
		}
	]
}