{
	"info": {
		"_postman_id": "37474775-b65e-42f2-8f7d-2a88710413a1",
		"name": "Subject",
		"schema": "https://schema.getpostman.com/json/collection/v2.1.0/collection.json",
		"_exporter_id": "38062210"
	},
	"item": [
		{
			"name": "Subject",
			"request": {
				"method": "GET",
				"header": [],
				"url": {
					"raw": "http://localhost:8080/api/subjects",
					"protocol": "http",
					"host": [
						"localhost"
					],
					"port": "8080",
					"path": [
						"api",
						"subjects"
					]
				}
			},
			"response": []
		},
		{
			"name": "Subject",
			"request": {
				"method": "POST",
				"header": [],
				"body": {
					"mode": "raw",
					"raw": "{\r\n    \"subjectName\": \"P.E.\", \r\n    \"section\": \"G4\", \r\n    \"instructor\": \"Barbaso\", \r\n    \"classCapacity\": 50\r\n}",
					"options": {
						"raw": {
							"language": "json"
						}
					}
				},
				"url": {
					"raw": "http://localhost:8080/api/subjects",
					"protocol": "http",
					"host": [
						"localhost"
					],
					"port": "8080",
					"path": [
						"api",
						"subjects"
					]
				}
			},
			"response": []
		},
		{
			"name": "Subject",
			"request": {
				"method": "PUT",
				"header": [],
				"body": {
					"mode": "raw",
					"raw": "{\r\n    \"subjectName\": \"MATJ.\", \r\n    \"section\": \"G6\", \r\n    \"instructor\": \"MEME\", \r\n    \"classCapacity\": 100\r\n}",
					"options": {
						"raw": {
							"language": "json"
						}
					}
				},
				"url": {
					"raw": "http://localhost:8080/api/subjects/1",
					"protocol": "http",
					"host": [
						"localhost"
					],
					"port": "8080",
					"path": [
						"api",
						"subjects",
						"1"
					]
				}
			},
			"response": []
		},
		{
			"name": "Subject",
			"request": {
				"method": "DELETE",
				"header": [],
				"url": {
					"raw": "http://localhost:8080/api/subjects/1",
					"protocol": "http",
					"host": [
						"localhost"
					],
					"port": "8080",
					"path": [
						"api",
						"subjects",
						"1"
					]
				}
			},
			"response": []
		}
	]
}