{
	"info": {
		"_postman_id": "fdba249b-017e-4fde-883d-3469d679af7d",
		"name": "TimeSlot",
		"schema": "https://schema.getpostman.com/json/collection/v2.1.0/collection.json",
		"_exporter_id": "38062210"
	},
	"item": [
		{
			"name": "TimeSlot",
			"request": {
				"method": "GET",
				"header": [],
				"url": {
					"raw": "http://localhost:8080/api/timeslots",
					"protocol": "http",
					"host": [
						"localhost"
					],
					"port": "8080",
					"path": [
						"api",
						"timeslots"
					]
				}
			},
			"response": []
		},
		{
			"name": "TimeSlot",
			"request": {
				"method": "POST",
				"header": [],
				"body": {
					"mode": "raw",
					"raw": "{\r\n        \"subject\": { \"subjectId\": 1}, \r\n        \"schedule\": { \"scheduleId\": 1}, \r\n        \"startTime\": 10, \r\n        \"endTime\": 11\r\n}",
					"options": {
						"raw": {
							"language": "json"
						}
					}
				},
				"url": {
					"raw": "http://localhost:8080/api/timeslots",
					"protocol": "http",
					"host": [
						"localhost"
					],
					"port": "8080",
					"path": [
						"api",
						"timeslots"
					]
				}
			},
			"response": []
		},
		{
			"name": "TimeSlot",
			"request": {
				"method": "PUT",
				"header": [],
				"body": {
					"mode": "raw",
					"raw": "{\r\n        \"subject\": { \"subjectId\": 1}, \r\n        \"schedule\": { \"scheduleId\": 1}, \r\n        \"startTime\": 10, \r\n        \"endTime\": 11\r\n}",
					"options": {
						"raw": {
							"language": "json"
						}
					}
				},
				"url": {
					"raw": "http://localhost:8080/api/timeslots/1",
					"protocol": "http",
					"host": [
						"localhost"
					],
					"port": "8080",
					"path": [
						"api",
						"timeslots",
						"1"
					]
				}
			},
			"response": []
		},
		{
			"name": "TimeSlot",
			"request": {
				"method": "DELETE",
				"header": [],
				"url": {
					"raw": "http://localhost:8080/api/timeslots/1",
					"protocol": "http",
					"host": [
						"localhost"
					],
					"port": "8080",
					"path": [
						"api",
						"timeslots",
						"1"
					]
				}
			},
			"response": []
		}
	]
}