{
	"info": {
		"_postman_id": "3b429dde-903d-49ed-9590-2e7a34faf6b6",
		"name": "Users",
		"schema": "https://schema.getpostman.com/json/collection/v2.1.0/collection.json",
		"_exporter_id": "38062210"
	},
	"item": [
		{
			"name": "User",
			"protocolProfileBehavior": {
				"disableBodyPruning": true
			},
			"request": {
				"method": "GET",
				"header": [],
				"body": {
					"mode": "raw",
					"raw": "",
					"options": {
						"raw": {
							"language": "json"
						}
					}
				},
				"url": {
					"raw": "http://localhost:8080/api/users",
					"protocol": "http",
					"host": [
						"localhost"
					],
					"port": "8080",
					"path": [
						"api",
						"users"
					]
				}
			},
			"response": []
		},
		{
			"name": "User",
			"request": {
				"method": "POST",
				"header": [
					{
						"key": "Content-Type",
						"value": "application/json",
						"type": "text"
					}
				],
				"body": {
					"mode": "raw",
					"raw": "{\r\n  \"password\": \"password123\",\r\n  \"name\": \"John Doe\",\r\n  \"email\": \"johndoe@example.com\",\r\n  \"role\": \"admin\",\r\n  \"phoneNumber\": \"1234567890\",\r\n  \"accountStatus\": \"active\"\r\n}\r\n",
					"options": {
						"raw": {
							"language": "json"
						}
					}
				},
				"url": {
					"raw": "http://localhost:8080/api/users",
					"protocol": "http",
					"host": [
						"localhost"
					],
					"port": "8080",
					"path": [
						"api",
						"users"
					]
				}
			},
			"response": []
		},
		{
			"name": "User",
			"request": {
				"method": "DELETE",
				"header": [],
				"url": {
					"raw": "http://localhost:8080/api/users/1",
					"protocol": "http",
					"host": [
						"localhost"
					],
					"port": "8080",
					"path": [
						"api",
						"users",
						"1"
					]
				}
			},
			"response": []
		},
		{
			"name": "User",
			"request": {
				"method": "PUT",
				"header": [],
				"body": {
					"mode": "raw",
					"raw": "{\r\n  \"password\": \"HEYHEYHEY\",\r\n  \"name\": \"JTSRe\",\r\n  \"email\": \"YEAAAAAAAAHe@example.com\",\r\n  \"role\": \"admin\",\r\n  \"phoneNumber\": \"000000\",\r\n  \"accountStatus\": \"active\"\r\n}\r\n",
					"options": {
						"raw": {
							"language": "json"
						}
					}
				},
				"url": {
					"raw": "http://localhost:8080/api/users/1",
					"protocol": "http",
					"host": [
						"localhost"
					],
					"port": "8080",
					"path": [
						"api",
						"users",
						"1"
					]
				}
			},
			"response": []
		}
	]
}